familyprivatelaw28@gmail.com,Password07,1736250432090470,FL401
familyprivatelaw7@gmail.com,Password07,1737497254633411,C100
familyprivatelaw25@gmail.com,Password07,1736250009715822,FL401
familyprivatelaw26@gmail.com,Password07,1736250012622924,FL401
familyprivatelaw1@gmail.com,Password07,1737497257656138,C100
familyprivatelaw12@gmail.com,Password07,1737497257042644,C100
familyprivatelaw8@gmail.com,Password07,1725624421859157,FL401
familyprivatelaw24@gmail.com,Password07,1736250772766002,C100
familyprivatelaw27@gmail.com,Password07,1736250423141316,C100
familyprivatelaw29@gmail.com,Password07,1736250421076670,C100
