user,password,caseId,caseType
familyprivatelaw8@gmail.com,Password07,1737498064382389,C100
familyprivatelaw9@gmail.com,Password07,1727086850699017,FL401
familyprivatelaw6@gmail.com,Password07,1727086849476154,FL401
familyprivatelaw25@gmail.com,Password07,1736251304122136,C100
familyprivatelaw27@gmail.com,Password07,1736251307575405,C100
familyprivatelaw12@gmail.com,Password07,1737497801359528,C100
familyprivatelaw1@gmail.com,Password07,1737497801978772,C100
familyprivatelaw29@gmail.com,Password07,1736257668051266,FL401
familyprivatelaw5@gmail.com,Password07,1737497812039705,C100
familyprivatelaw4@gmail.com,Password07,1727086848043484,FL401
familyprivatelaw28@gmail.com,Password07,1736251310308505,C100
familyprivatelaw8@gmail.com,Password07,1737498068206543,C100
familyprivatelaw9@gmail.com,Password07,1737498067227854,C100
familyprivatelaw51@gmail.com,Password07,1736256244767759,FL401