user,password
familyprivatelaw11@gmail.com,Password07
familyprivatelaw23@gmail.com,Password07
familyprivatelaw24@gmail.com,Password07
familyprivatelaw25@gmail.com,Password07
familyprivatelaw26@gmail.com,Password07
familyprivatelaw27@gmail.com,Password07
familyprivatelaw28@gmail.com,Password07
familyprivatelaw29@gmail.com,Password07
familyprivatelaw50@gmail.com,Password07			
familyprivatelaw51@gmail.com,Password07
familyprivatelaw52@gmail.com,Password07
familyprivatelaw53@gmail.com,Password07
familyprivatelaw54@gmail.com,Password07
familyprivatelaw55@gmail.com,Password07
familyprivatelaw56@gmail.com,Password07
familyprivatelaw57@gmail.com,Password07
familyprivatelaw58@gmail.com,Password07
familyprivatelaw59@gmail.com,Password07
familyprivatelaw60@gmail.com,Password07