orgname,orgref,superuser,superuserpassword,user,password
perf-prl-aALof,U1NS7EH,familyprivatelaw3@gmail.com,Password07,familyprivatelaw3@gmail.com,Password07
perf-prl-aALof,U1NS7EH,familyprivatelaw1@gmail.com,Password07,familyprivatelaw1@gmail.com,Password07
perf-prl-aALof,U1NS7EH,familyprivatelaw4@gmail.com,Password07,familyprivatelaw4@gmail.com,Password07
perf-prl-aALof,U1NS7EH,familyprivatelaw5@gmail.com,Password07,familyprivatelaw5@gmail.com,Password07
perf-prl-aALof,U1NS7EH,familyprivatelaw6@gmail.com,Password07,familyprivatelaw6@gmail.com,Password07
perf-prl-aALof,U1NS7EH,familyprivatelaw7@gmail.com,Password07,familyprivatelaw7@gmail.com,Password07
perf-prl-aALof,U1NS7EH,familyprivatelaw8@gmail.com,Password07,familyprivatelaw8@gmail.com,Password07
perf-prl-aALof,U1NS7EH,familyprivatelaw9@gmail.com,Password07,familyprivatelaw9@gmail.com,Password07
perf-prl-aALof,U1NS7EH,familyprivatelaw10@gmail.com,Password07,familyprivatelaw10@gmail.com,Password07
perf-prl-aALof,U1NS7EH,familyprivatelaw12@gmail.com,Password07,familyprivatelaw12@gmail.com,Password07
perf-prl-aALof,U1NS7EH,familyprivatelaw13@gmail.com,Password07,familyprivatelaw13@gmail.com,Password07
perf-prl-aALof,U1NS7EH,familyprivatelaw14@gmail.com,Password07,familyprivatelaw14@gmail.com,Password07
perf-prl-aALof,U1NS7EH,familyprivatelaw15@gmail.com,Password07,familyprivatelaw15@gmail.com,Password07
perf-prl-aALof,U1NS7EH,familyprivatelaw16@gmail.com,Password07,familyprivatelaw16@gmail.com,Password07
perf-prl-aALof,U1NS7EH,familyprivatelaw17@gmail.com,Password07,familyprivatelaw17@gmail.com,Password07
perf-prl-aALof,U1NS7EH,familyprivatelaw18@gmail.com,Password07,familyprivatelaw18@gmail.com,Password07
perf-prl-aALof,U1NS7EH,familyprivatelaw19@gmail.com,Password07,familyprivatelaw19@gmail.com,Password07
perf-prl-aALof,U1NS7EH,familyprivatelaw20@gmail.com,Password07,familyprivatelaw20@gmail.com,Password07
perf-prl-aALof,U1NS7EH,familyprivatelaw21@gmail.com,Password07,familyprivatelaw21@gmail.com,Password07
perf-prl-aALof,U1NS7EH,familyprivatelaw22@gmail.com,Password07,familyprivatelaw22@gmail.com,Password07
perf-prl-aALof,U1NS7EH,familyprivatelaw23@gmail.com,Password07,familyprivatelaw23@gmail.com,Password07
perf-prl-aALof,U1NS7EH,familyprivatelaw24@gmail.com,Password07,familyprivatelaw24@gmail.com,Password07
